{"schemaVersion":"1.0","appDefinitionTemplate":{"id":"/providers/Microsoft.PowerApps/apps/","type":"Microsoft.PowerApps/apps","tags":{"primaryDeviceWidth":"1366","primaryDeviceHeight":"768","supportsPortrait":"true","supportsLandscape":"true","primaryFormFactor":"Tablet","showStatusBar":"false","publisherVersion":"3.24045.24","minimumRequiredApiVersion":"2.2.0","hasComponent":"false","hasUnlockedComponent":"false","isUnifiedRootApp":"false","sienaVersion":"20240518T062818Z-3.24045.24.0"},"properties":{"appVersion":"2024-05-18T06:28:18Z","lifeCycleId":"Published","createdByClientVersion":{"major":3,"minor":24045,"build":24,"revision":0,"majorRevision":0,"minorRevision":0},"minClientVersion":{"major":3,"minor":24045,"build":24,"revision":0,"majorRevision":0,"minorRevision":0},"backgroundColor":"RGBA(0,176,240,1)","backgroundImageUri":"/10648377572533660816/Nd1855dd9-116f-4539-877e-1d12df6c709d-logoSmallFile","displayName":"Employee Expense Approval","description":"","commitMessage":"","appUris":{"documentUri":{"value":"/10648377572533660816/N5828772f-ede7-48e3-a3ff-8380216dc54a-document.msapp"},"imageUris":[],"additionalUris":[{"isSolutionAware":false,"value":"/10648377572533660816/N923439c9-be2d-4c1b-a1c1-1cbb5f8a4604-identity.json"}]},"createdTime":"0001-01-01T00:00:00Z","lastModifiedTime":"0001-01-01T00:00:00Z","sharedGroupsCount":0,"sharedUsersCount":0,"connectionReferences":{"a3bfc118-bdf0-496d-a2cd-7c28cd32c780":{"id":"91361899-25b7-418c-95e4-a713031c4118","displayName":"Excel Online (Business)","iconUri":"https://connectoricons-prod.azureedge.net/releases/v1.0.1680/1.0.1680.3652/excelonlinebusiness/icon.png","dataSources":["ExpenseTable"],"dependencies":[],"dependents":[],"parameterHints":{},"parameterHintsV2":{},"isOnPremiseConnection":false,"bypassConsent":false,"dataSets":{"me,b%2521-k_8umtCYk6j06N3MTuIEeXNFvs26SxMoNqlxalO8z40IDwfM_1gRqfuBGbrH2Qz,01MCPBSNK7VVNDGDQ27RC37JLUAML3RMED":{"dataSources":{"ExpenseTable":{"tableName":"{00000000-000C-0000-FFFF-FFFF00000000}"}}}},"apiTier":"Standard","isCustomApiConnection":false,"actions":["providers/PowerPlatform.Governance/Operations/Read"]}},"databaseReferences":{},"almMode":"Solution","performanceOptimizationEnabled":false,"canConsumeAppPass":false,"enableModernRuntimeMode":false,"executionRestrictions":{"isTeamsOnly":false,"dataLossPreventionEvaluationResult":{"status":"Compliant","lastEvaluationDate":"2024-05-18T06:28:54.3741155Z","violations":[],"violationsByPolicy":[],"violationErrorMessage":"The app uses the following connectors: shared_excelonlinebusiness."}}},"appType":"ClassicCanvasApp","appComponents":[]}}