{"name":"3f9d6e74-74bd-4648-89ba-0d93f3fc928c","id":"/providers/Microsoft.Flow/flows/3f9d6e74-74bd-4648-89ba-0d93f3fc928c","type":"Microsoft.Flow/flows","properties":{"apiId":"/providers/Microsoft.PowerApps/apis/shared_logicflows","displayName":"Paid Expense Status Scheduled Update","definition":{"metadata":{"workflowEntityId":null,"processAdvisorMetadata":null,"flowChargedByPaygo":null,"flowclientsuspensionreason":"None","flowclientsuspensiontime":null,"flowclientsuspensionreasondetails":null,"creator":{"id":"2fc9ac97-e5c2-4877-b7af-aebb0c731a3d","type":"User","tenantId":"a8216c1e-4d63-4352-8c3b-50fa1f1475b1"},"provisioningMethod":"FromDefinition","failureAlertSubscription":true,"clientLastModifiedTime":"2024-05-21T01:19:16.8924406Z","connectionKeySavedTimeKey":"2024-05-21T01:19:16.8924406Z"},"$schema":"https://schema.management.azure.com/providers/Microsoft.Logic/schemas/2016-06-01/workflowdefinition.json#","contentVersion":"undefined","parameters":{"$authentication":{"defaultValue":{},"type":"SecureObject"},"$connections":{"defaultValue":{},"type":"Object"}},"triggers":{"Recurrence":{"recurrence":{"frequency":"Minute","interval":3,"startTime":"2024-05-20T14:00:00.000Z","timeZone":"Eastern Standard Time"},"type":"Recurrence"}},"actions":{"Get_items":{"runAfter":{},"type":"OpenApiConnection","inputs":{"parameters":{"dataset":"https://outlookuga-my.sharepoint.com/personal/nmb24877_uga_edu","table":"c1447f58-10e8-4de5-b331-52fc07655e6e","$filter":"Status eq 'APPROVED'"},"host":{"apiId":"/providers/Microsoft.PowerApps/apis/shared_sharepointonline","connectionName":"shared_sharepointonline","operationId":"GetItems"},"authentication":"@parameters('$authentication')"}},"Apply_to_each":{"foreach":"@outputs('Get_items')?['body/value']","actions":{"Update_item":{"type":"OpenApiConnection","inputs":{"parameters":{"dataset":"https://outlookuga-my.sharepoint.com/personal/nmb24877_uga_edu","table":"c1447f58-10e8-4de5-b331-52fc07655e6e","id":"@items('Apply_to_each')?['ID']","item/Status/Value":"PAID"},"host":{"apiId":"/providers/Microsoft.PowerApps/apis/shared_sharepointonline","connectionName":"shared_sharepointonline","operationId":"PatchItem"},"authentication":"@parameters('$authentication')"}},"Send_an_email_(V2)":{"runAfter":{"Update_item":["Succeeded"]},"type":"OpenApiConnection","inputs":{"parameters":{"emailMessage/To":"@items('Apply_to_each')?['SubmittedBy']?['Email']","emailMessage/Subject":"@{items('Apply_to_each')?['Title']} Payment Status Updated to Paid","emailMessage/Body":"<p>Hello,</p><br><p>Your reimbursement request for '@{items('Apply_to_each')?['Title']}' has been paid successfully. </p><br><p>Best,</p><p>Finance Team</p>","emailMessage/Importance":"Normal"},"host":{"apiId":"/providers/Microsoft.PowerApps/apis/shared_office365","connectionName":"shared_office365","operationId":"SendEmailV2"},"authentication":"@parameters('$authentication')"}}},"runAfter":{"Get_items":["Succeeded"]},"type":"Foreach"}}},"connectionReferences":{"shared_sharepointonline":{"connectionName":"shared-sharepointonl-c80675f3-2685-49ee-93d4-6d2d649617f0","source":"Embedded","id":"/providers/Microsoft.PowerApps/apis/shared_sharepointonline","tier":"NotSpecified"},"shared_office365":{"connectionName":"shared-office365-573682cb-f74e-4ab7-b060-e8e809722136","source":"Embedded","id":"/providers/Microsoft.PowerApps/apis/shared_office365","tier":"NotSpecified"}},"flowFailureAlertSubscribed":false,"isManaged":false}}