{"name":"dc47bd35-7c34-4619-bbd2-f9e50630e283","id":"/providers/Microsoft.Flow/flows/dc47bd35-7c34-4619-bbd2-f9e50630e283","type":"Microsoft.Flow/flows","properties":{"apiId":"/providers/Microsoft.PowerApps/apis/shared_logicflows","displayName":"Request approval in Microsoft Teams when a SharePoint item is created","definition":{"metadata":{"workflowEntityId":null,"processAdvisorMetadata":null,"flowChargedByPaygo":null,"flowclientsuspensionreason":"None","flowclientsuspensiontime":null,"flowclientsuspensionreasondetails":null,"creator":{"id":"2fc9ac97-e5c2-4877-b7af-aebb0c731a3d","type":"User","tenantId":"a8216c1e-4d63-4352-8c3b-50fa1f1475b1"},"provisioningMethod":"FromDefinition","failureAlertSubscription":true,"clientLastModifiedTime":"2024-05-21T00:30:36.4789112Z","connectionKeySavedTimeKey":"2024-05-21T00:30:36.4789112Z"},"$schema":"https://schema.management.azure.com/providers/Microsoft.Logic/schemas/2016-06-01/workflowdefinition.json#","contentVersion":"1.0.0.0","parameters":{"$authentication":{"defaultValue":{},"type":"SecureObject"},"$connections":{"defaultValue":{},"type":"Object"},"sharepoint.site":{"defaultValue":"","type":"String"},"sharepoint.list":{"defaultValue":"","type":"String"},"sharepoint.approvers":{"defaultValue":"","type":"String"}},"triggers":{"When_an_item_is_created":{"recurrence":{"frequency":"Minute","interval":5},"splitOn":"@triggerOutputs()?['body/value']","type":"OpenApiConnection","inputs":{"parameters":{"dataset":"https://outlookuga-my.sharepoint.com/personal/nmb24877_uga_edu","table":"c1447f58-10e8-4de5-b331-52fc07655e6e"},"host":{"apiId":"/providers/Microsoft.PowerApps/apis/shared_sharepointonline","connectionName":"shared_sharepointonline","operationId":"GetOnNewItems"},"authentication":"@parameters('$authentication')"}}},"actions":{"Start_and_wait_for_an_approval":{"runAfter":{},"type":"OpenApiConnectionWebhook","inputs":{"parameters":{"approvalType":"Basic","WebhookApprovalCreationInput/title":"New Request Submission @{triggerBody()?['Title']}","WebhookApprovalCreationInput/assignedTo":"nikhita.biradar@uga.edu","WebhookApprovalCreationInput/details":"@{triggerBody()?['Description']}","WebhookApprovalCreationInput/enableNotifications":true,"WebhookApprovalCreationInput/enableReassignment":true},"host":{"apiId":"/providers/Microsoft.PowerApps/apis/shared_approvals","connectionName":"shared_approvals","operationId":"StartAndWaitForAnApproval"},"authentication":"@parameters('$authentication')"}},"Condition":{"actions":{"Send_an_email_(V2)":{"runAfter":{"Update_item":["Succeeded"]},"type":"OpenApiConnection","inputs":{"parameters":{"emailMessage/To":"@body('Update_item')?['SubmittedBy']?['Email']","emailMessage/Subject":"@{body('Update_item')?['Date']} dated reimbursement request is @{body('Update_item')?['Status']?['Value']}","emailMessage/Body":"<p>Hello,</p><br><p>You reimbursement request for @{triggerBody()?['Title']}, dated on @{triggerBody()?['Date']} has been @{body('Update_item')?['Status']?['Value']}. Please wait for the amount to be reflected in your account by next week.</p><br><p>Thank you</p><p>Nikhita Biradar</p>","emailMessage/Importance":"Normal"},"host":{"apiId":"/providers/Microsoft.PowerApps/apis/shared_office365","connectionName":"shared_office365","operationId":"SendEmailV2"},"authentication":"@parameters('$authentication')"}},"Update_item":{"type":"OpenApiConnection","inputs":{"parameters":{"dataset":"https://outlookuga-my.sharepoint.com/personal/nmb24877_uga_edu","table":"c1447f58-10e8-4de5-b331-52fc07655e6e","id":"@triggerBody()?['ID']","item/Status/Value":"APPROVED"},"host":{"apiId":"/providers/Microsoft.PowerApps/apis/shared_sharepointonline","connectionName":"shared_sharepointonline","operationId":"PatchItem"},"authentication":"@parameters('$authentication')"}}},"runAfter":{"Start_and_wait_for_an_approval":["Succeeded"]},"else":{"actions":{"Update_item_1":{"type":"OpenApiConnection","inputs":{"parameters":{"dataset":"https://outlookuga-my.sharepoint.com/personal/nmb24877_uga_edu","table":"c1447f58-10e8-4de5-b331-52fc07655e6e","id":"@triggerBody()?['ID']","item/Status/Value":"REJECTED"},"host":{"apiId":"/providers/Microsoft.PowerApps/apis/shared_sharepointonline","connectionName":"shared_sharepointonline","operationId":"PatchItem"},"authentication":"@parameters('$authentication')"}},"Send_an_email_(V2)_1":{"runAfter":{"Update_item_1":["Succeeded"]},"type":"OpenApiConnection","inputs":{"parameters":{"emailMessage/To":"@triggerBody()?['Author']?['Email']","emailMessage/Subject":"@{triggerBody()?['Date']} dated reimbursement request is @{body('Update_item_1')?['Status']?['Value']}","emailMessage/Body":"<p>Hello,<br><br>You reimbursement request for @{triggerBody()?['Title']}, dated on @{triggerBody()?['Date']} has been @{body('Update_item_1')?['Status']?['Value']} due to insufficient information. Please resubmit the request for approval.<br><br>Thank you<br>Nikhita Biradar</p>","emailMessage/Importance":"Normal"},"host":{"apiId":"/providers/Microsoft.PowerApps/apis/shared_office365","connectionName":"shared_office365","operationId":"SendEmailV2"},"authentication":"@parameters('$authentication')"}}}},"expression":{"and":[{"equals":["@body('Start_and_wait_for_an_approval')?['outcome']","Approve"]}]},"type":"If"}},"outputs":{}},"connectionReferences":{"shared_sharepointonline":{"connectionName":"shared-sharepointonl-c80675f3-2685-49ee-93d4-6d2d649617f0","source":"Embedded","id":"/providers/Microsoft.PowerApps/apis/shared_sharepointonline","tier":"NotSpecified"},"shared_approvals":{"connectionName":"shared-approvals-e8f4d07c-0543-482f-b806-5c029305e7af","source":"Embedded","id":"/providers/Microsoft.PowerApps/apis/shared_approvals","tier":"NotSpecified"},"shared_office365":{"connectionName":"shared-office365-573682cb-f74e-4ab7-b060-e8e809722136","source":"Embedded","id":"/providers/Microsoft.PowerApps/apis/shared_office365","tier":"NotSpecified"}},"flowFailureAlertSubscribed":false,"isManaged":false}}